order_id,score
KO2610504,0.124864
KO2610505,0.079346
KO2610506,0.114157
KO2610507,0.016209
KO2610508,0.017194
KO2610509,0.034688
KO2610510,0.063993
KO2610511,0.221791
KO2610512,0.042478
KO2610513,0.485262
KO2610514,0.154229
KO2610515,0.054615
KO2610516,0.037916
KO2610517,0.216921
KO2610518,0.051513
KO2610519,0.061252
KO2610520,0.051656
KO2610521,0.260582
KO2610522,0.067248
KO2610523,0.058484
KO2610524,0.164866
KO2610525,0.236478
KO2610526,0.317313
KO2610527,0.012878
KO2610528,0.047828
KO2610529,0.086738
KO2610530,0.125929
KO2610531,0.031551
KO2610532,0.038293
KO2610533,0.027049
KO2610534,0.033457
KO2610535,0.025146
KO2610536,0.045906
KO2610537,0.05673
KO2610538,0.059003
KO2610539,0.276571
KO2610540,0.274555
KO2610541,0.140648
KO2610542,0.08428
KO2610543,0.138411
KO2610544,0.142995
KO2610545,0.175898
KO2610546,0.055355
KO2610547,0.080931
KO2610548,0.018248
KO2610549,0.110251
KO2610550,0.086911
KO2610551,0.077416
KO2610552,0.141352
KO2610553,0.029132
KO2610554,0.108714
KO2610555,0.30811
KO2610556,0.24061
KO2610557,0.333114
KO2610558,0.075673
KO2610559,0.045991
KO2610560,0.014659
KO2610561,0.096531
KO2610562,0.058664
KO2610563,0.012353
KO2610564,0.059498
KO2610565,0.210687
KO2610566,0.022102
KO2610567,0.061092
KO2610568,0.028272
KO2610569,0.188611
KO2610570,0.034172
KO2610571,0.072192
KO2610572,0.020949
KO2610573,0.297476
KO2610574,0.228419
KO2610575,0.308351
KO2610576,0.021807
KO2610577,0.133565
KO2610578,0.096973
KO2610579,0.065891
KO2610580,0.631618
KO2610581,0.161884
KO2610582,0.139177
KO2610583,0.081641
KO2610584,0.038741
KO2610585,0.103305
KO2610586,0.042084
KO2610587,0.185213
KO2610588,0.11703
KO2610589,0.041235
KO2610590,0.025764
KO2610591,0.020097
KO2610592,0.066179
KO2610593,0.246172
KO2610594,0.079649
KO2610595,0.022924
KO2610596,0.302452
KO2610597,0.013006
KO2610598,0.315964
KO2610599,0.078585
KO2610600,0.073834
KO2610601,0.044295
KO2610602,0.047318
KO2610603,0.110239
KO2610604,0.061107
KO2610605,0.0312
KO2610606,0.110529
KO2610607,0.092914
KO2610608,0.029559
KO2610609,0.02699
KO2610610,0.215767
KO2610611,0.102623
KO2610612,0.293704
KO2610613,0.034816
KO2610614,0.106843
KO2610615,0.028691
KO2610616,0.140254
KO2610617,0.175374
KO2610618,0.058944
KO2610619,0.03615
KO2610620,0.136891
KO2610621,0.348903
KO2610622,0.079267
KO2610623,0.087957
KO2610624,0.040723
KO2610625,0.227936
KO2610626,0.114849
KO2610627,0.337918
KO2610628,0.299426
KO2610629,0.024218
KO2610630,0.066985
KO2610631,0.09867
KO2610632,0.318809
KO2610633,0.088357
KO2610634,0.269834
KO2610635,0.147323
KO2610636,0.012144
KO2610637,0.089766
KO2610638,0.071173
KO2610639,0.015668
KO2610640,0.16257
KO2610641,0.033836
KO2610642,0.088967
KO2610643,0.030096
KO2610644,0.063236
KO2610645,0.02707
KO2610646,0.038752
KO2610647,0.248951
KO2610648,0.08674
KO2610649,0.367542
KO2610650,0.229909
KO2610651,0.077354
KO2610652,0.079229
KO2610653,0.046823
KO2610654,0.128194
KO2610655,0.014917
KO2610656,0.216065
KO2610657,0.031616
KO2610658,0.201123
KO2610659,0.271731
KO2610660,0.012796
KO2610661,0.094357
KO2610662,0.074347
KO2610663,0.065965
KO2610664,0.483115
KO2610665,0.23395
KO2610666,0.592053
KO2610667,0.152707
KO2610668,0.095588
KO2610669,0.076543
KO2610670,0.204503
KO2610671,0.060823
KO2610672,0.035453
KO2610673,0.104589
KO2610674,0.080795
KO2610675,0.044935
KO2610676,0.101064
KO2610677,0.038777
KO2610678,0.012747
KO2610679,0.429988
KO2610680,0.016343
KO2610681,0.025597
KO2610682,0.079315
KO2610683,0.034859
KO2610684,0.03393
KO2610685,0.192865
KO2610686,0.295691
KO2610687,0.038775
KO2610688,0.068352
KO2610689,0.150436
KO2610690,0.029023
KO2610691,0.118542
KO2610692,0.110872
KO2610693,0.043312
KO2610694,0.079141
KO2610695,0.5767
KO2610696,0.128275
KO2610697,0.115918
KO2610698,0.057652
KO2610699,0.032267
KO2610700,0.048025
KO2610701,0.035064
KO2610702,0.088813
KO2610703,0.148888
KO2610704,0.039166
KO2610705,0.740854
KO2610706,0.382767
KO2610707,0.061447
KO2610708,0.071862
KO2610709,0.075612
KO2610710,0.238693
KO2610711,0.131608
KO2610712,0.38951
KO2610713,0.102875
KO2610714,0.183306
KO2610715,0.029635
KO2610716,0.058489
KO2610717,0.020693
KO2610718,0.071798
KO2610719,0.036136
KO2610720,0.082303
KO2610721,0.085568
KO2610722,0.081177
KO2610723,0.283425
KO2610724,0.019095
KO2610725,0.035459
KO2610726,0.077334
KO2610727,0.09151
KO2610728,0.247529
KO2610729,0.097781
KO2610730,0.050981
KO2610731,0.121228
KO2610732,0.031328
KO2610733,0.04768
KO2610734,0.135156
KO2610735,0.139391
KO2610736,0.075164
KO2610737,0.058365
KO2610738,0.035946
KO2610739,0.085116
KO2610740,0.065936
KO2610741,0.049156
KO2610742,0.080003
KO2610743,0.098346
KO2610744,0.056325
KO2610745,0.097132
KO2610746,0.192523
KO2610747,0.028743
KO2610748,0.383329
KO2610749,0.083528
KO2610750,0.074557
KO2610751,0.054099
KO2610752,0.019053
KO2610753,0.097451
KO2610754,0.127965
KO2610755,0.42828
KO2610756,0.04821
KO2610757,0.188538
KO2610758,0.074422
KO2610759,0.13188
KO2610760,0.076366
KO2610761,0.161245
KO2610762,0.177421
KO2610763,0.061142
KO2610764,0.013185
KO2610765,0.177194
KO2610766,0.120576
KO2610767,0.033611
KO2610768,0.027554
KO2610769,0.061284
KO2610770,0.037974
KO2610771,0.052963
KO2610772,0.557548
KO2610773,0.013998
KO2610774,0.111301
KO2610775,0.259319
KO2610776,0.038866
KO2610777,0.469956
KO2610778,0.093474
KO2610779,0.027929
KO2610780,0.015766
KO2610781,0.078989
KO2610782,0.318834
KO2610783,0.096389
KO2610784,0.022809
KO2610785,0.268926
KO2610786,0.027717
KO2610787,0.030447
KO2610788,0.035094
KO2610789,0.260293
KO2610790,0.594803
KO2610791,0.141105
KO2610792,0.026445
KO2610793,0.093163
KO2610794,0.035838
KO2610795,0.280613
KO2610796,0.077371
KO2610797,0.106021
KO2610798,0.025549
KO2610799,0.081449
KO2610800,0.179105
KO2610801,0.126266
KO2610802,0.041132
KO2610803,0.074575
KO2610804,0.075444
KO2610805,0.112578
KO2610806,0.12744
KO2610807,0.031348
KO2610808,0.045765
KO2610809,0.05189
KO2610810,0.136441
KO2610811,0.125261
KO2610812,0.273548
KO2610813,0.020735
KO2610814,0.756736
KO2610815,0.064867
KO2610816,0.014996
KO2610817,0.159216
KO2610818,0.395354
KO2610819,0.060898
KO2610820,0.094171
KO2610821,0.27352
KO2610822,0.027966
KO2610823,0.048166
KO2610824,0.016225
KO2610825,0.02267
KO2610826,0.049429
KO2610827,0.084324
KO2610828,0.095827
KO2610829,0.199588
KO2610830,0.140821
KO2610831,0.036039
KO2610832,0.047759
KO2610833,0.069617
KO2610834,0.063862
KO2610835,0.06807
KO2610836,0.046974
KO2610837,0.059123
KO2610838,0.136956
KO2610839,0.026627
KO2610840,0.04176
KO2610841,0.221734
KO2610842,0.11667
KO2610843,0.131083
KO2610844,0.063285
KO2610845,0.106553
KO2610846,0.174127
KO2610847,0.025236
KO2610848,0.015337
KO2610849,0.044123
KO2610850,0.021799
KO2610851,0.033923
KO2610852,0.061669
KO2610853,0.180201
KO2610854,0.319073
KO2610855,0.095394
KO2610856,0.073538
KO2610857,0.054431
KO2610858,0.607518
KO2610859,0.07901
KO2610860,0.617045
KO2610861,0.085501
KO2610862,0.067058
KO2610863,0.072672
KO2610864,0.05996
KO2610865,0.011844
KO2610866,0.064434
KO2610867,0.085635
KO2610868,0.22094
KO2610869,0.015758
KO2610870,0.048066
KO2610871,0.020653
KO2610872,0.027385
KO2610873,0.227771
KO2610874,0.297474
KO2610875,0.026853
KO2610876,0.188655
KO2610877,0.448377
KO2610878,0.043314
KO2610879,0.103252
KO2610880,0.053161
KO2610881,0.019603
KO2610882,0.050286
KO2610883,0.038147
KO2610884,0.026185
KO2610885,0.166952
KO2610886,0.14307
KO2610887,0.082056
KO2610888,0.05024
KO2610889,0.066195
KO2610890,0.25704
KO2610891,0.095995
KO2610892,0.193266
KO2610893,0.029993
KO2610894,0.109148
KO2610895,0.353587
KO2610896,0.346255
KO2610897,0.132921
KO2610898,0.024432
KO2610899,0.366502
KO2610900,0.051809
KO2610901,0.026124
KO2610902,0.099979
KO2610903,0.015028
KO2610904,0.118065
KO2610905,0.093362
KO2610906,0.029953
KO2610907,0.253686
KO2610908,0.067146
KO2610909,0.266441
KO2610910,0.118727
KO2610911,0.100041
KO2610912,0.093301
KO2610913,0.026536
KO2610914,0.02148
KO2610915,0.041666
KO2610916,0.032015
KO2610917,0.069001
KO2610918,0.079313
KO2610919,0.128147
KO2610920,0.032671
KO2610921,0.087715
KO2610922,0.021848
KO2610923,0.070401
KO2610924,0.042103
KO2610925,0.018046
KO2610926,0.214893
KO2610927,0.184864
KO2610928,0.084435
KO2610929,0.013426
KO2610930,0.011605
KO2610931,0.290459
KO2610932,0.019508
KO2610933,0.039579
KO2610934,0.019997
KO2610935,0.013563
KO2610936,0.028509
KO2610937,0.172414
KO2610938,0.01456
KO2610939,0.093969
KO2610940,0.247982
KO2610941,0.114888
KO2610942,0.028256
KO2610943,0.335491
KO2610944,0.51638
KO2610945,0.053718
KO2610946,0.044935
KO2610947,0.023146
KO2610948,0.280447
KO2610949,0.142464
KO2610950,0.018879
KO2610951,0.01263
KO2610952,0.139266
KO2610953,0.051749
KO2610954,0.234809
KO2610955,0.044838
KO2610956,0.22289
KO2610957,0.019451
KO2610958,0.110852
KO2610959,0.166565
KO2610960,0.327114
KO2610961,0.024981
KO2610962,0.119203
KO2610963,0.041618
KO2610964,0.065929
KO2610965,0.040292
KO2610966,0.086218
KO2610967,0.072516
KO2610968,0.163827
KO2610969,0.242031
KO2610970,0.579899
KO2610971,0.020582
KO2610972,0.055262
KO2610973,0.122122
KO2610974,0.018246
KO2610975,0.082895
KO2610976,0.047664
KO2610977,0.085683
KO2610978,0.656343
KO2610979,0.095868
KO2610980,0.02008
KO2610981,0.074768
KO2610982,0.024277
KO2610983,0.146421
KO2610984,0.015489
KO2610985,0.032193
KO2610986,0.036968
KO2610987,0.082026
KO2610988,0.016897
KO2610989,0.024765
KO2610990,0.104369
KO2610991,0.030745
KO2610992,0.021324
KO2610993,0.033709
KO2610994,0.177262
KO2610995,0.079673
KO2610996,0.044742
KO2610997,0.113735
KO2610998,0.165359
KO2610999,0.021894
KO2611000,0.101336
KO2611001,0.014806
KO2611002,0.019607
KO2611003,0.26999
KO2611004,0.062291
KO2611005,0.047221
KO2611006,0.053674
KO2611007,0.015934
KO2611008,0.359763
KO2611009,0.049129
KO2611010,0.033762
KO2611011,0.029289
KO2611012,0.084707
KO2611013,0.171102
KO2611014,0.055808
KO2611015,0.063489
KO2611016,0.087572
KO2611017,0.028402
KO2611018,0.63172
KO2611019,0.164872
KO2611020,0.046264
KO2611021,0.056177
KO2611022,0.034547
KO2611023,0.171184
KO2611024,0.203639
KO2611025,0.083317
KO2611026,0.143334
KO2611027,0.015969
KO2611028,0.063208
KO2611029,0.136654
KO2611030,0.310605
KO2611031,0.022581
KO2611032,0.017533
KO2611033,0.396086
KO2611034,0.028521
KO2611035,0.083796
KO2611036,0.190422
KO2611037,0.095727
KO2611038,0.074929
KO2611039,0.045539
KO2611040,0.164145
KO2611041,0.159154
KO2611042,0.077532
KO2611043,0.136994
KO2611044,0.01967
KO2611045,0.035823
KO2611046,0.321644
KO2611047,0.049335
KO2611048,0.054859
KO2611049,0.018077
KO2611050,0.032869
KO2611051,0.087799
KO2611052,0.07002
KO2611053,0.331977
KO2611054,0.137744
KO2611055,0.048169
KO2611056,0.095193
KO2611057,0.048016
KO2611058,0.253146
KO2611059,0.14374
KO2611060,0.034344
KO2611061,0.01842
KO2611062,0.055575
KO2611063,0.086415
KO2611064,0.063013
KO2611065,0.055863
KO2611066,0.184602
KO2611067,0.168677
KO2611068,0.341441
KO2611069,0.031151
KO2611070,0.293979
KO2611071,0.76886
KO2611072,0.516238
KO2611073,0.041231
KO2611074,0.032434
KO2611075,0.702075
KO2611076,0.036528
KO2611077,0.047313
KO2611078,0.311431
KO2611079,0.086539
KO2611080,0.012799
KO2611081,0.109046
KO2611082,0.071315
KO2611083,0.097702
KO2611084,0.122986
KO2611085,0.200329
KO2611086,0.097104
KO2611087,0.272852
KO2611088,0.057234
KO2611089,0.088742
KO2611090,0.037618
KO2611091,0.044318
KO2611092,0.087108
KO2611093,0.070872
KO2611094,0.094638
KO2611095,0.018405
KO2611096,0.056866
KO2611097,0.019362
KO2611098,0.026247
KO2611099,0.059623
KO2611100,0.036769
KO2611101,0.111894
KO2611102,0.054519
KO2611103,0.058639
KO2611104,0.016218
KO2611105,0.015454
KO2611106,0.310237
KO2611107,0.024234
KO2611108,0.138732
KO2611109,0.056673
KO2611110,0.120284
KO2611111,0.430798
KO2611112,0.035146
KO2611113,0.090445
KO2611114,0.028428
KO2611115,0.042352
KO2611116,0.126931
KO2611117,0.113766
KO2611118,0.093458
KO2611119,0.066473
KO2611120,0.06642
KO2611121,0.093849
KO2611122,0.173237
KO2611123,0.036568
KO2611124,0.064303
KO2611125,0.070096
KO2611126,0.243178
KO2611127,0.094901
KO2611128,0.017502
KO2611129,0.015808
KO2611130,0.041665
KO2611131,0.046945
KO2611132,0.097696
KO2611133,0.131829
KO2611134,0.089316
KO2611135,0.026897
KO2611136,0.04546
KO2611137,0.027477
KO2611138,0.023455
KO2611139,0.188336
KO2611140,0.130218
KO2611141,0.109211
KO2611142,0.031473
KO2611143,0.453613
KO2611144,0.125197
KO2611145,0.151026
KO2611146,0.039913
KO2611147,0.083325
KO2611148,0.087243
KO2611149,0.043462
KO2611150,0.258913
KO2611151,0.357276
KO2611152,0.061965
KO2611153,0.087355
KO2611154,0.048381
KO2611155,0.034404
KO2611156,0.074808
KO2611157,0.01956
KO2611158,0.022557
KO2611159,0.130895
KO2611160,0.033847
KO2611161,0.03521
KO2611162,0.168851
KO2611163,0.087443
KO2611164,0.25301
KO2611165,0.044306
KO2611166,0.055913
KO2611167,0.023329
KO2611168,0.525298
KO2611169,0.116971
KO2611170,0.216264
KO2611171,0.013327
KO2611172,0.074795
KO2611173,0.018517
KO2611174,0.098551
KO2611175,0.20555
KO2611176,0.137208
KO2611177,0.114013
KO2611178,0.100367
KO2611179,0.045969
KO2611180,0.142238
KO2611181,0.071934
KO2611182,0.055286
KO2611183,0.014855
KO2611184,0.283259
KO2611185,0.130668
KO2611186,0.241074
KO2611187,0.614766
KO2611188,0.048684
KO2611189,0.033549
KO2611190,0.017537
KO2611191,0.023478
KO2611192,0.031806
KO2611193,0.152806
KO2611194,0.021738
KO2611195,0.016422
KO2611196,0.044325
KO2611197,0.063882
KO2611198,0.104233
KO2611199,0.389079
KO2611200,0.133886
KO2611201,0.174134
KO2611202,0.421513
KO2611203,0.13
KO2611204,0.165092
KO2611205,0.069321
KO2611206,0.053704
KO2611207,0.176796
KO2611208,0.128177
KO2611209,0.065669
KO2611210,0.613719
KO2611211,0.09173
KO2611212,0.111056
KO2611213,0.538385
KO2611214,0.074555
KO2611215,0.023672
KO2611216,0.113994
KO2611217,0.321063
KO2611218,0.038426
KO2611219,0.028187
KO2611220,0.128877
KO2611221,0.015646
KO2611222,0.066328
KO2611223,0.873599
KO2611224,0.118765
KO2611225,0.34862
KO2611226,0.020207
KO2611227,0.029808
KO2611228,0.042567
KO2611229,0.038348
KO2611230,0.022195
KO2611231,0.038524
KO2611232,0.072744
KO2611233,0.079646
KO2611234,0.137766
KO2611235,0.093227
KO2611236,0.223777
KO2611237,0.024696
KO2611238,0.042932
KO2611239,0.136926
KO2611240,0.077693
KO2611241,0.059841
KO2611242,0.146256
KO2611243,0.18581
KO2611244,0.068108
KO2611245,0.046399
KO2611246,0.066309
KO2611247,0.255406
KO2611248,0.391824
KO2611249,0.01864
KO2611250,0.062823
KO2611251,0.229236
KO2611252,0.026166
KO2611253,0.172894
KO2611254,0.026585
KO2611255,0.065553
KO2611256,0.014557
KO2611257,0.078714
KO2611258,0.056708
KO2611259,0.132337
KO2611260,0.098373
KO2611261,0.23034
KO2611262,0.20577
KO2611263,0.072963
KO2611264,0.036441
KO2611265,0.200127
KO2611266,0.188104
KO2611267,0.256608
KO2611268,0.035927
KO2611269,0.0676
KO2611270,0.100525
KO2611271,0.021293
KO2611272,0.060952
KO2611273,0.033604
KO2611274,0.289205
KO2611275,0.021106
KO2611276,0.10799
KO2611277,0.439013
KO2611278,0.024511
KO2611279,0.048942
KO2611280,0.158538
KO2611281,0.069285
KO2611282,0.129007
KO2611283,0.124342
KO2611284,0.07339
KO2611285,0.173571
KO2611286,0.184651
KO2611287,0.087575
KO2611288,0.041176
KO2611289,0.072015
KO2611290,0.023378
KO2611291,0.031311
KO2611292,0.295232
KO2611293,0.18321
KO2611294,0.053361
KO2611295,0.28512
KO2611296,0.035791
KO2611297,0.184347
KO2611298,0.173862
KO2611299,0.039331
KO2611300,0.162038
KO2611301,0.027145
KO2611302,0.037436
KO2611303,0.047657
KO2611304,0.052984
KO2611305,0.04271
KO2611306,0.067593
KO2611307,0.427955
KO2611308,0.051657
KO2611309,0.14828
KO2611310,0.029666
KO2611311,0.121265
KO2611312,0.038409
KO2611313,0.036924
KO2611314,0.025867
KO2611315,0.197867
KO2611316,0.060277
KO2611317,0.114314
KO2611318,0.057003
KO2611319,0.103512
KO2611320,0.147527
KO2611321,0.076162
KO2611322,0.206549
KO2611323,0.027215
KO2611324,0.67005
KO2611325,0.028342
KO2611326,0.077179
KO2611327,0.24199
KO2611328,0.016497
KO2611329,0.259154
KO2611330,0.014193
KO2611331,0.167568
KO2611332,0.033928
KO2611333,0.382365
KO2611334,0.04761
KO2611335,0.030145
KO2611336,0.086531
KO2611337,0.023352
KO2611338,0.033026
KO2611339,0.05771
KO2611340,0.188657
KO2611341,0.044855
KO2611342,0.107531
KO2611343,0.037761
KO2611344,0.210869
KO2611345,0.040797
KO2611346,0.26144
KO2611347,0.027942
KO2611348,0.644995
KO2611349,0.25507
KO2611350,0.050643
KO2611351,0.039138
KO2611352,0.141958
KO2611353,0.018862
KO2611354,0.107419
KO2611355,0.080116
KO2611356,0.107355
KO2611357,0.14035
KO2611358,0.017725
KO2611359,0.06199
KO2611360,0.064519
KO2611361,0.084387
KO2611362,0.136014
KO2611363,0.055273
KO2611364,0.045325
KO2611365,0.096047
KO2611366,0.06293
KO2611367,0.350436
KO2611368,0.04958
KO2611369,0.012834
KO2611370,0.04633
KO2611371,0.060287
KO2611372,0.417057
KO2611373,0.01702
KO2611374,0.018054
KO2611375,0.13151
KO2611376,0.082476
KO2611377,0.03889
KO2611378,0.130864
KO2611379,0.207176
KO2611380,0.054672
KO2611381,0.083785
KO2611382,0.193947
KO2611383,0.020491
KO2611384,0.075119
KO2611385,0.03289
KO2611386,0.17078
KO2611387,0.181835
KO2611388,0.060355
KO2611389,0.197747
KO2611390,0.02699
KO2611391,0.044312
KO2611392,0.038946
KO2611393,0.056966
KO2611394,0.132233
KO2611395,0.029321
KO2611396,0.1509
KO2611397,0.089814
KO2611398,0.368621
KO2611399,0.251356
KO2611400,0.031143
KO2611401,0.066647
KO2611402,0.398544
KO2611403,0.094399
KO2611404,0.040703
KO2611405,0.015856
KO2611406,0.04889
KO2611407,0.044508
KO2611408,0.058876
KO2611409,0.046743
KO2611410,0.03861
KO2611411,0.052301
KO2611412,0.225415
KO2611413,0.060516
KO2611414,0.126847
KO2611415,0.117983
KO2611416,0.030926
KO2611417,0.046637
KO2611418,0.103308
KO2611419,0.051352
KO2611420,0.259175
KO2611421,0.069919
KO2611422,0.019416
KO2611423,0.050626
KO2611424,0.023062
KO2611425,0.058148
KO2611426,0.039385
KO2611427,0.052171
KO2611428,0.065846
KO2611429,0.050527
KO2611430,0.015886
KO2611431,0.076452
KO2611432,0.062183
KO2611433,0.433616
KO2611434,0.059573
KO2611435,0.152696
KO2611436,0.017702
KO2611437,0.018406
KO2611438,0.013365
KO2611439,0.297126
KO2611440,0.110132
KO2611441,0.029528
KO2611442,0.081447
KO2611443,0.018059
KO2611444,0.085111
KO2611445,0.115244
KO2611446,0.043857
KO2611447,0.114474
KO2611448,0.053275
KO2611449,0.017483
KO2611450,0.033304
KO2611451,0.141782
KO2611452,0.117823
KO2611453,0.356511
KO2611454,0.074464
KO2611455,0.128743
KO2611456,0.046061
KO2611457,0.039656
KO2611458,0.039849
KO2611459,0.076089
KO2611460,0.117017
KO2611461,0.037873
KO2611462,0.059733
KO2611463,0.012422
KO2611464,0.043709
KO2611465,0.030778
KO2611466,0.095177
KO2611467,0.118361
KO2611468,0.042183
KO2611469,0.067354
KO2611470,0.139279
KO2611471,0.296332
KO2611472,0.241568
KO2611473,0.189346
KO2611474,0.029449
KO2611475,0.033519
KO2611476,0.065281
KO2611477,0.026972
KO2611478,0.051863
KO2611479,0.034663
KO2611480,0.045197
KO2611481,0.03241
KO2611482,0.0496
KO2611483,0.044428
KO2611484,0.030109
KO2611485,0.059491
KO2611486,0.143926
KO2611487,0.043851
KO2611488,0.113551
KO2611489,0.119058
KO2611490,0.10596
KO2611491,0.162469
KO2611492,0.101168
KO2611493,0.033152
KO2611494,0.572134
KO2611495,0.071937
KO2611496,0.030532
KO2611497,0.084033
KO2611498,0.084915
KO2611499,0.181102
KO2611500,0.043868
KO2611501,0.026797
KO2611502,0.038457
KO2611503,0.213398
KO2611504,0.050649
KO2611505,0.176759
KO2611506,0.017275
KO2611507,0.138462
KO2611508,0.040305
KO2611509,0.116412
KO2611510,0.110031
KO2611511,0.24294
KO2611512,0.163021
KO2611513,0.092865
KO2611514,0.073328
KO2611515,0.055042
KO2611516,0.020283
KO2611517,0.036051
KO2611518,0.025826
KO2611519,0.079654
KO2611520,0.252905
KO2611521,0.01667
KO2611522,0.03551
KO2611523,0.175682
KO2611524,0.096595
KO2611525,0.032521
KO2611526,0.072091
KO2611527,0.026855
KO2611528,0.162173
KO2611529,0.019818
KO2611530,0.061723
KO2611531,0.084786
KO2611532,0.019497
KO2611533,0.021853
KO2611534,0.063422
KO2611535,0.155156
KO2611536,0.09361
KO2611537,0.035882
KO2611538,0.062851
KO2611539,0.068405
KO2611540,0.820443
KO2611541,0.034552
KO2611542,0.160513
KO2611543,0.072131
KO2611544,0.033206
KO2611545,0.021972
KO2611546,0.041529
KO2611547,0.015325
KO2611548,0.0542
KO2611549,0.100452
KO2611550,0.035325
KO2611551,0.034012
KO2611552,0.013626
KO2611553,0.022563
KO2611554,0.053331
KO2611555,0.08363
KO2611556,0.0364
KO2611557,0.250229
KO2611558,0.026762
KO2611559,0.747892
KO2611560,0.100966
KO2611561,0.320518
KO2611562,0.033076
KO2611563,0.471949
KO2611564,0.052606
KO2611565,0.041629
KO2611566,0.018507
KO2611567,0.332701
KO2611568,0.043028
KO2611569,0.130445
KO2611570,0.075941
KO2611571,0.023118
KO2611572,0.174986
KO2611573,0.043957
KO2611574,0.056132
KO2611575,0.028952
KO2611576,0.29665
KO2611577,0.086043
KO2611578,0.605946
KO2611579,0.036397
KO2611580,0.457915
KO2611581,0.048627
KO2611582,0.019853
KO2611583,0.079269
KO2611584,0.168204
KO2611585,0.177875
KO2611586,0.089949
KO2611587,0.050877
KO2611588,0.027604
KO2611589,0.548199
KO2611590,0.024031
KO2611591,0.111462
KO2611592,0.106802
KO2611593,0.582711
KO2611594,0.13862
KO2611595,0.035145
KO2611596,0.138845
KO2611597,0.028817
KO2611598,0.126027
KO2611599,0.068495
KO2611600,0.056014
KO2611601,0.105295
KO2611602,0.065439
KO2611603,0.020854
KO2611604,0.125744
KO2611605,0.02416
KO2611606,0.036911
KO2611607,0.128864
KO2611608,0.093394
KO2611609,0.237284
KO2611610,0.12477
KO2611611,0.14366
KO2611612,0.139201
KO2611613,0.195809
KO2611614,0.071312
KO2611615,0.17879
KO2611616,0.061185
KO2611617,0.106046
KO2611618,0.018016
KO2611619,0.038976
KO2611620,0.06617
KO2611621,0.016206
KO2611622,0.509516
KO2611623,0.014489
KO2611624,0.154981
KO2611625,0.040861
KO2611626,0.038603
KO2611627,0.042345
KO2611628,0.071539
KO2611629,0.021956
KO2611630,0.059156
KO2611631,0.027494
KO2611632,0.430004
KO2611633,0.029699
KO2611634,0.017726
KO2611635,0.044225
KO2611636,0.063993
KO2611637,0.185842
KO2611638,0.091022
KO2611639,0.043736
KO2611640,0.225332
KO2611641,0.031685
KO2611642,0.239891
KO2611643,0.681976
KO2611644,0.020306
KO2611645,0.462329
KO2611646,0.053416
KO2611647,0.049539
KO2611648,0.041459
KO2611649,0.313838
KO2611650,0.053088
KO2611651,0.150379
KO2611652,0.097931
KO2611653,0.389927
KO2611654,0.144742
KO2611655,0.158677
KO2611656,0.152314
KO2611657,0.028687
KO2611658,0.075595
KO2611659,0.051318
KO2611660,0.03331
KO2611661,0.018483
KO2611662,0.038506
KO2611663,0.155012
KO2611664,0.234894
KO2611665,0.245759
KO2611666,0.120632
KO2611667,0.016269
KO2611668,0.035393
KO2611669,0.063412
KO2611670,0.196063
KO2611671,0.070334
KO2611672,0.033819
KO2611673,0.060105
KO2611674,0.551791
KO2611675,0.193422
KO2611676,0.063048
KO2611677,0.283069
KO2611678,0.186868
KO2611679,0.066306
KO2611680,0.044753
KO2611681,0.211229
KO2611682,0.02608
KO2611683,0.698693
KO2611684,0.084624
KO2611685,0.017653
KO2611686,0.25656
KO2611687,0.046938
KO2611688,0.069182
KO2611689,0.111311
KO2611690,0.04034
KO2611691,0.132853
KO2611692,0.049782
KO2611693,0.047971
KO2611694,0.700266
KO2611695,0.089057
KO2611696,0.654261
KO2611697,0.120556
KO2611698,0.048299
KO2611699,0.072003
KO2611700,0.156439
KO2611701,0.02262
KO2611702,0.155152
KO2611703,0.083914
KO2611704,0.019079
KO2611705,0.051598
KO2611706,0.178652
KO2611707,0.031748
KO2611708,0.203679
KO2611709,0.088227
KO2611710,0.078915
KO2611711,0.130412
KO2611712,0.075708
KO2611713,0.012679
KO2611714,0.128326
KO2611715,0.016097
KO2611716,0.05198
KO2611717,0.174009
KO2611718,0.149878
KO2611719,0.023084
KO2611720,0.226148
KO2611721,0.145143
KO2611722,0.327982
KO2611723,0.023569
KO2611724,0.024144
KO2611725,0.038845
KO2611726,0.034673
KO2611727,0.047354
KO2611728,0.08415
KO2611729,0.028649
KO2611730,0.064037
KO2611731,0.148501
KO2611732,0.116889
KO2611733,0.118593
KO2611734,0.088501
KO2611735,0.040602
KO2611736,0.46679
KO2611737,0.07723
KO2611738,0.042294
KO2611739,0.03085
KO2611740,0.225322
KO2611741,0.12645
KO2611742,0.024014
KO2611743,0.069072
KO2611744,0.042147
KO2611745,0.056787
KO2611746,0.120999
KO2611747,0.10484
KO2611748,0.071626
KO2611749,0.14352
KO2611750,0.028277
KO2611751,0.042821
KO2611752,0.100765
KO2611753,0.052997
KO2611754,0.063916
KO2611755,0.023269
KO2611756,0.124342
KO2611757,0.049724
KO2611758,0.140058
KO2611759,0.037203
KO2611760,0.132868
KO2611761,0.313136
KO2611762,0.104654
KO2611763,0.03754
KO2611764,0.120354
KO2611765,0.293081
KO2611766,0.035624
KO2611767,0.091421
KO2611768,0.325034
KO2611769,0.08538
KO2611770,0.362647
KO2611771,0.027803
KO2611772,0.039866
KO2611773,0.034929
KO2611774,0.118489
KO2611775,0.111705
KO2611776,0.097571
KO2611777,0.189282
KO2611778,0.032776
KO2611779,0.100326
KO2611780,0.024813
KO2611781,0.12296
KO2611782,0.05504
KO2611783,0.105547
KO2611784,0.420992
KO2611785,0.057272
KO2611786,0.027643
KO2611787,0.018785
KO2611788,0.03042
KO2611789,0.071178
KO2611790,0.361173
KO2611791,0.111783
KO2611792,0.034459
KO2611793,0.08832
KO2611794,0.335319
KO2611795,0.170289
KO2611796,0.093237
KO2611797,0.046744
KO2611798,0.120848
KO2611799,0.438225
KO2611800,0.222563
KO2611801,0.027918
KO2611802,0.129133
KO2611803,0.073701
KO2611804,0.162019
KO2611805,0.066148
KO2611806,0.01885
KO2611807,0.047094
KO2611808,0.021196
KO2611809,0.12369
KO2611810,0.025707
KO2611811,0.139699
KO2611812,0.149619
KO2611813,0.025805
KO2611814,0.01634
KO2611815,0.093143
KO2611816,0.066814
KO2611817,0.053413
KO2611818,0.090847
KO2611819,0.318511
KO2611820,0.247639
KO2611821,0.033692
KO2611822,0.069389
KO2611823,0.016028
KO2611824,0.260956
KO2611825,0.180077
KO2611826,0.048857
KO2611827,0.047095
KO2611828,0.205608
KO2611829,0.086181
KO2611830,0.145301
KO2611831,0.078399
KO2611832,0.021272
KO2611833,0.122392
KO2611834,0.146747
KO2611835,0.017788
KO2611836,0.15312
KO2611837,0.086296
KO2611838,0.169509
KO2611839,0.497819
KO2611840,0.11807
KO2611841,0.157139
KO2611842,0.106323
KO2611843,0.116171
KO2611844,0.285328
KO2611845,0.047817
KO2611846,0.013882
KO2611847,0.06776
KO2611848,0.44849
KO2611849,0.150577
KO2611850,0.025971
KO2611851,0.061955
KO2611852,0.019655
KO2611853,0.039717
KO2611854,0.069312
KO2611855,0.150478
KO2611856,0.170748
KO2611857,0.131493
KO2611858,0.081535
KO2611859,0.030439
KO2611860,0.081301
KO2611861,0.191039
KO2611862,0.068842
KO2611863,0.040777
KO2611864,0.032331
KO2611865,0.276902
KO2611866,0.099206
KO2611867,0.024508
KO2611868,0.023005
KO2611869,0.052235
KO2611870,0.019459
KO2611871,0.038247
KO2611872,0.033973
KO2611873,0.050626
KO2611874,0.017475
KO2611875,0.120335
KO2611876,0.172899
KO2611877,0.043837
KO2611878,0.030314
KO2611879,0.012982
KO2611880,0.029022
KO2611881,0.190202
KO2611882,0.444069
KO2611883,0.247289
KO2611884,0.036602
KO2611885,0.158532
KO2611886,0.066053
KO2611887,0.038079
KO2611888,0.042063
KO2611889,0.018819
KO2611890,0.288555
KO2611891,0.358955
KO2611892,0.121735
KO2611893,0.083497
KO2611894,0.134876
KO2611895,0.105414
KO2611896,0.037739
KO2611897,0.125282
KO2611898,0.029434
KO2611899,0.026915
KO2611900,0.039681
KO2611901,0.14368
KO2611902,0.209357
KO2611903,0.44211
KO2611904,0.152837
KO2611905,0.024322
KO2611906,0.158093
KO2611907,0.085891
KO2611908,0.168748
KO2611909,0.751299
KO2611910,0.054879
KO2611911,0.059583
KO2611912,0.024254
KO2611913,0.07561
KO2611914,0.483695
KO2611915,0.028442
KO2611916,0.054615
KO2611917,0.05588
KO2611918,0.027595
KO2611919,0.15951
KO2611920,0.081662
KO2611921,0.017416
KO2611922,0.108626
KO2611923,0.069369
KO2611924,0.349052
KO2611925,0.038265
KO2611926,0.378322
KO2611927,0.09184
KO2611928,0.066279
KO2611929,0.209346
KO2611930,0.032699
KO2611931,0.017546
KO2611932,0.117742
KO2611933,0.018064
KO2611934,0.054498
KO2611935,0.343995
KO2611936,0.128971
KO2611937,0.051657
KO2611938,0.094543
KO2611939,0.022476
KO2611940,0.089451
KO2611941,0.033285
KO2611942,0.181661
KO2611943,0.414765
KO2611944,0.335679
KO2611945,0.025222
KO2611946,0.056472
KO2611947,0.116034
KO2611948,0.117092
KO2611949,0.078732
KO2611950,0.089214
KO2611951,0.019323
KO2611952,0.046776
KO2611953,0.033533
KO2611954,0.012219
KO2611955,0.034406
KO2611956,0.032474
KO2611957,0.257404
KO2611958,0.022728
KO2611959,0.094952
KO2611960,0.02837
KO2611961,0.164279
KO2611962,0.030999
KO2611963,0.042413
KO2611964,0.053227
KO2611965,0.146815
KO2611966,0.159374
KO2611967,0.083913
KO2611968,0.559876
KO2611969,0.049041
KO2611970,0.331367
KO2611971,0.087783
KO2611972,0.164428
KO2611973,0.128361
KO2611974,0.154576
KO2611975,0.122815
KO2611976,0.283989
KO2611977,0.099421
KO2611978,0.016099
KO2611979,0.046817
KO2611980,0.140927
KO2611981,0.049474
KO2611982,0.177004
KO2611983,0.034371
KO2611984,0.228321
KO2611985,0.044375
KO2611986,0.124916
KO2611987,0.164582
KO2611988,0.091582
KO2611989,0.190139
KO2611990,0.072429
KO2611991,0.067726
KO2611992,0.648385
KO2611993,0.087287
KO2611994,0.134371
KO2611995,0.044269
KO2611996,0.103169
KO2611997,0.035163
KO2611998,0.125498
KO2611999,0.025987
KO2612000,0.064434
KO2612001,0.094983
KO2612002,0.078849
KO2612003,0.086723
KO2612004,0.544578
KO2612005,0.026916
KO2612006,0.037496
KO2612007,0.04222
KO2612008,0.502996
KO2612009,0.13905
KO2612010,0.039935
KO2612011,0.077289
KO2612012,0.038778
KO2612013,0.186265
KO2612014,0.229325
KO2612015,0.056883
KO2612016,0.144793
KO2612017,0.101668
KO2612018,0.158579
KO2612019,0.112598
KO2612020,0.178737
KO2612021,0.045839
KO2612022,0.053362
KO2612023,0.358869
KO2612024,0.407826
KO2612025,0.042987
KO2612026,0.259297
KO2612027,0.174292
KO2612028,0.775911
KO2612029,0.440134
KO2612030,0.028639
KO2612031,0.089531
KO2612032,0.299007
KO2612033,0.069716
KO2612034,0.018704
KO2612035,0.042272
KO2612036,0.049971
KO2612037,0.242785
KO2612038,0.266132
KO2612039,0.084416
KO2612040,0.14641
KO2612041,0.405417
KO2612042,0.026903
KO2612043,0.027059
KO2612044,0.203536
KO2612045,0.034833
KO2612046,0.053578
KO2612047,0.024442
KO2612048,0.119722
KO2612049,0.033511
KO2612050,0.145227
KO2612051,0.025194
KO2612052,0.208252
KO2612053,0.026959
KO2612054,0.026412
KO2612055,0.097827
KO2612056,0.066877
KO2612057,0.040476
KO2612058,0.117062
KO2612059,0.028704
KO2612060,0.036555
KO2612061,0.026017
KO2612062,0.219437
KO2612063,0.016395
KO2612064,0.173302
KO2612065,0.109636
KO2612066,0.020151
KO2612067,0.052834
KO2612068,0.088068
KO2612069,0.053573
KO2612070,0.129352
KO2612071,0.319861
KO2612072,0.042423
KO2612073,0.243657
KO2612074,0.210249
KO2612075,0.108751
KO2612076,0.054552
KO2612077,0.04861
KO2612078,0.045269
KO2612079,0.018693
KO2612080,0.13351
KO2612081,0.062378
KO2612082,0.482396
KO2612083,0.421432
KO2612084,0.392159
KO2612085,0.039692
KO2612086,0.223545
KO2612087,0.119516
KO2612088,0.010255
KO2612089,0.036663
KO2612090,0.013112
KO2612091,0.023054
KO2612092,0.339298
KO2612093,0.096211
KO2612094,0.083155
KO2612095,0.118843
KO2612096,0.155156
KO2612097,0.260239
KO2612098,0.016601
KO2612099,0.035425
KO2612100,0.149428
KO2612101,0.04646
KO2612102,0.071051
KO2612103,0.049947
KO2612104,0.020202
KO2612105,0.023349
KO2612106,0.054206
KO2612107,0.020094
KO2612108,0.207805
KO2612109,0.136944
KO2612110,0.087877
KO2612111,0.014393
KO2612112,0.1347
KO2612113,0.096437
KO2612114,0.014328
KO2612115,0.114152
KO2612116,0.114174
KO2612117,0.037356
KO2612118,0.058715
KO2612119,0.031941
KO2612120,0.023215
KO2612121,0.142099
KO2612122,0.642539
KO2612123,0.213689
KO2612124,0.020454
KO2612125,0.041883
KO2612126,0.217726
KO2612127,0.060224
KO2612128,0.029925
KO2612129,0.037192
KO2612130,0.214155
KO2612131,0.042288
KO2612132,0.029747
KO2612133,0.202714
KO2612134,0.061516
KO2612135,0.097103
KO2612136,0.220162
KO2612137,0.330394
KO2612138,0.082162
KO2612139,0.043101
KO2612140,0.037328
KO2612141,0.014936
KO2612142,0.035465
KO2612143,0.01349
KO2612144,0.299898
KO2612145,0.296178
KO2612146,0.05053
KO2612147,0.495178
KO2612148,0.087012
KO2612149,0.038861
KO2612150,0.163477
KO2612151,0.047148
KO2612152,0.069123
KO2612153,0.383196
KO2612154,0.088217
KO2612155,0.897561
KO2612156,0.020706
KO2612157,0.012445
KO2612158,0.021477
KO2612159,0.10349
KO2612160,0.084029
KO2612161,0.075107
KO2612162,0.061192
KO2612163,0.283031
KO2612164,0.074645
KO2612165,0.107447
KO2612166,0.618045
KO2612167,0.033315
KO2612168,0.044622
KO2612169,0.32826
KO2612170,0.053641
KO2612171,0.061582
KO2612172,0.054935
KO2612173,0.032969
KO2612174,0.094591
KO2612175,0.123138
KO2612176,0.123399
KO2612177,0.05176
KO2612178,0.038362
KO2612179,0.670603
KO2612180,0.091108
KO2612181,0.0998
KO2612182,0.046325
KO2612183,0.51945
KO2612184,0.105844
KO2612185,0.066497
KO2612186,0.239525
KO2612187,0.277039
KO2612188,0.01506
KO2612189,0.070996
KO2612190,0.019646
KO2612191,0.03002
KO2612192,0.049769
KO2612193,0.039198
KO2612194,0.352008
KO2612195,0.172217
KO2612196,0.048637
KO2612197,0.05615
KO2612198,0.133014
KO2612199,0.03962
KO2612200,0.035946
KO2612201,0.172155
KO2612202,0.049326
KO2612203,0.057057
KO2612204,0.01218
KO2612205,0.049114
KO2612206,0.521675
KO2612207,0.171266
KO2612208,0.123155
KO2612209,0.017588
KO2612210,0.094106
KO2612211,0.105323
KO2612212,0.032702
KO2612213,0.076077
KO2612214,0.097316
KO2612215,0.103032
KO2612216,0.229928
KO2612217,0.125083
KO2612218,0.119423
KO2612219,0.061058
KO2612220,0.016113
KO2612221,0.020205
KO2612222,0.078207
KO2612223,0.094087
KO2612224,0.020733
KO2612225,0.062226
KO2612226,0.023509
KO2612227,0.133188
KO2612228,0.055449
KO2612229,0.035961
KO2612230,0.054721
KO2612231,0.027368
KO2612232,0.078017
KO2612233,0.029931
KO2612234,0.034923
KO2612235,0.13426
KO2612236,0.042479
KO2612237,0.056605
KO2612238,0.051107
KO2612239,0.031936
KO2612240,0.72602
KO2612241,0.293174
KO2612242,0.054775
KO2612243,0.242244
KO2612244,0.106821
KO2612245,0.056724
KO2612246,0.250644
KO2612247,0.095065
KO2612248,0.212799
KO2612249,0.071183
KO2612250,0.156188
KO2612251,0.024493
KO2612252,0.053301
KO2612253,0.166119
KO2612254,0.030855
KO2612255,0.026308
KO2612256,0.044749
KO2612257,0.150084
KO2612258,0.015228
KO2612259,0.129444
KO2612260,0.353507
KO2612261,0.420525
KO2612262,0.057441
KO2612263,0.135464
KO2612264,0.041486
KO2612265,0.10283
KO2612266,0.113201
KO2612267,0.084971
KO2612268,0.543956
KO2612269,0.1357
KO2612270,0.045073
KO2612271,0.032725
KO2612272,0.257608
KO2612273,0.110091
KO2612274,0.034623
KO2612275,0.451574
KO2612276,0.1385
KO2612277,0.302549
KO2612278,0.197405
KO2612279,0.107479
KO2612280,0.178873
KO2612281,0.124911
KO2612282,0.051237
KO2612283,0.157552
KO2612284,0.206435
KO2612285,0.047326
KO2612286,0.088052
KO2612287,0.089387
KO2612288,0.209772
KO2612289,0.029515
KO2612290,0.019691
KO2612291,0.110525
KO2612292,0.025383
KO2612293,0.045668
KO2612294,0.034494
KO2612295,0.017548
KO2612296,0.136475
KO2612297,0.09982
KO2612298,0.054649
KO2612299,0.042224
KO2612300,0.033572
KO2612301,0.052977
KO2612302,0.030812
KO2612303,0.029303
KO2612304,0.183906
KO2612305,0.042079
KO2612306,0.10389
KO2612307,0.829061
KO2612308,0.264433
KO2612309,0.043002
KO2612310,0.015842
KO2612311,0.034107
KO2612312,0.024072
KO2612313,0.347812
KO2612314,0.223893
KO2612315,0.214323
KO2612316,0.029242
KO2612317,0.100761
KO2612318,0.311832
KO2612319,0.115268
KO2612320,0.014819
KO2612321,0.024003
KO2612322,0.024915
KO2612323,0.017687
KO2612324,0.128331
KO2612325,0.130521
KO2612326,0.087642
KO2612327,0.151949
KO2612328,0.052627
KO2612329,0.09153
KO2612330,0.036414
KO2612331,0.075858
KO2612332,0.015703
KO2612333,0.149632
KO2612334,0.072869
KO2612335,0.26034
KO2612336,0.018547
KO2612337,0.046356
KO2612338,0.033827
KO2612339,0.223455
KO2612340,0.150128
KO2612341,0.038004
KO2612342,0.207292
KO2612343,0.013951
KO2612344,0.033971
KO2612345,0.111537
KO2612346,0.398495
KO2612347,0.209125
KO2612348,0.160797
KO2612349,0.070113
KO2612350,0.474782
KO2612351,0.174595
KO2612352,0.189943
KO2612353,0.03848
KO2612354,0.019079
KO2612355,0.059795
KO2612356,0.026429
KO2612357,0.600553
KO2612358,0.070169
KO2612359,0.052928
KO2612360,0.028231
KO2612361,0.100694
KO2612362,0.177916
KO2612363,0.031576
KO2612364,0.062639
KO2612365,0.11294
KO2612366,0.024359
KO2612367,0.055003
KO2612368,0.053553
KO2612369,0.015625
KO2612370,0.031515
KO2612371,0.163422
KO2612372,0.038805
KO2612373,0.024738
KO2612374,0.019437
KO2612375,0.025987
KO2612376,0.060454
KO2612377,0.020528
KO2612378,0.184903
KO2612379,0.070708
KO2612380,0.380131
KO2612381,0.018499
KO2612382,0.305346
KO2612383,0.212769
KO2612384,0.077184
KO2612385,0.017125
KO2612386,0.097764
KO2612387,0.05632
KO2612388,0.049074
KO2612389,0.03595
KO2612390,0.126319
KO2612391,0.05539
KO2612392,0.04935
KO2612393,0.096349
KO2612394,0.01831
KO2612395,0.130583
KO2612396,0.047406
KO2612397,0.123862
KO2612398,0.100415
KO2612399,0.03873
KO2612400,0.145157
KO2612401,0.067426
KO2612402,0.039432
KO2612403,0.04424
KO2612404,0.283095
KO2612405,0.185847
KO2612406,0.108265
KO2612407,0.274778
KO2612408,0.103119
KO2612409,0.302816
KO2612410,0.082173
KO2612411,0.16579
KO2612412,0.05499
KO2612413,0.277326
KO2612414,0.094261
KO2612415,0.02955
KO2612416,0.035164
KO2612417,0.055759
KO2612418,0.072167
KO2612419,0.131872
KO2612420,0.038647
KO2612421,0.021021
KO2612422,0.162092
KO2612423,0.123112
KO2612424,0.015041
KO2612425,0.085146
KO2612426,0.03705
KO2612427,0.102149
KO2612428,0.181022
KO2612429,0.394291
KO2612430,0.016182
KO2612431,0.115548
KO2612432,0.153772
KO2612433,0.041372
KO2612434,0.101064
KO2612435,0.054952
KO2612436,0.057332
KO2612437,0.029036
KO2612438,0.053597
KO2612439,0.280237
KO2612440,0.040597
KO2612441,0.146389
KO2612442,0.126118
KO2612443,0.049578
KO2612444,0.016991
KO2612445,0.225168
KO2612446,0.06844
KO2612447,0.026406
KO2612448,0.031411
KO2612449,0.07776
KO2612450,0.232807
KO2612451,0.039024
KO2612452,0.133289
KO2612453,0.029165
KO2612454,0.171338
KO2612455,0.021611
KO2612456,0.091496
KO2612457,0.173266
KO2612458,0.639725
KO2612459,0.246555
KO2612460,0.049724
KO2612461,0.039195
KO2612462,0.121302
KO2612463,0.250756
KO2612464,0.033759
KO2612465,0.209365
KO2612466,0.267707
KO2612467,0.034064
KO2612468,0.316135
KO2612469,0.14452
KO2612470,0.105707
KO2612471,0.019317
KO2612472,0.060807
KO2612473,0.022537
KO2612474,0.054879
KO2612475,0.014279
KO2612476,0.042093
KO2612477,0.070116
KO2612478,0.316992
KO2612479,0.243657
KO2612480,0.181384
KO2612481,0.093346
KO2612482,0.03032
KO2612483,0.143384
KO2612484,0.071707
KO2612485,0.119676
KO2612486,0.191903
KO2612487,0.03742
KO2612488,0.045333
KO2612489,0.118681
KO2612490,0.082204
KO2612491,0.143093
KO2612492,0.031332
KO2612493,0.177781
KO2612494,0.011837
KO2612495,0.065553
KO2612496,0.01648
KO2612497,0.014367
KO2612498,0.044204
KO2612499,0.080341
KO2612500,0.025882
KO2612501,0.041236
KO2612502,0.078569
KO2612503,0.043927
KO2612504,0.066372
KO2612505,0.109628
KO2612506,0.028001
KO2612507,0.015115
KO2612508,0.016308
KO2612509,0.013114
KO2612510,0.241609
KO2612511,0.083994
KO2612512,0.140978
KO2612513,0.129124
KO2612514,0.039097
KO2612515,0.031059
KO2612516,0.126861
KO2612517,0.040309
KO2612518,0.053709
KO2612519,0.020931
KO2612520,0.113463
KO2612521,0.019191
KO2612522,0.038031
KO2612523,0.38089
KO2612524,0.03452
KO2612525,0.07856
KO2612526,0.138059
KO2612527,0.011959
KO2612528,0.430611
KO2612529,0.009374
KO2612530,0.070084
KO2612531,0.389543
KO2612532,0.428128
KO2612533,0.0138
KO2612534,0.234246
KO2612535,0.100615
KO2612536,0.042477
KO2612537,0.094917
KO2612538,0.230156
KO2612539,0.118611
KO2612540,0.017263
KO2612541,0.060812
KO2612542,0.040274
KO2612543,0.174171
KO2612544,0.025106
KO2612545,0.067405
KO2612546,0.019933
KO2612547,0.531716
KO2612548,0.321263
KO2612549,0.138324
KO2612550,0.306647
KO2612551,0.086934
KO2612552,0.16681
KO2612553,0.056948
KO2612554,0.158933
KO2612555,0.041993
KO2612556,0.033897
KO2612557,0.26337
KO2612558,0.046329
KO2612559,0.065469
KO2612560,0.043626
KO2612561,0.086389
KO2612562,0.070811
KO2612563,0.069536
KO2612564,0.042524
KO2612565,0.024222
KO2612566,0.022693
KO2612567,0.064301
KO2612568,0.074674
KO2612569,0.082097
KO2612570,0.027502
KO2612571,0.198375
KO2612572,0.036704
KO2612573,0.113259
KO2612574,0.170312
KO2612575,0.079294
KO2612576,0.021464
KO2612577,0.139968
KO2612578,0.053726
KO2612579,0.034159
KO2612580,0.077119
KO2612581,0.017207
KO2612582,0.0939
KO2612583,0.026896
KO2612584,0.111869
KO2612585,0.157933
KO2612586,0.130177
KO2612587,0.135743
KO2612588,0.029571
KO2612589,0.013657
KO2612590,0.325183
KO2612591,0.050188
KO2612592,0.15454
KO2612593,0.119594
KO2612594,0.036802
KO2612595,0.150902
KO2612596,0.159006
KO2612597,0.05818
KO2612598,0.164754
KO2612599,0.155726
